{"ProtoVersion":"V2_6","WorkflowID":"40bdff1c-a59d-4b62-8e0f-7985372273e6","WorkflowName":"智能日报助理","WorkflowDesc":"你是一名专业的企业日报生成器。\n输入：用户提供的工作完成情况、问题和明日计划。\n输出要求：\n- 格式化为清晰的日报（三部分：今日完成 / 遇到问题 / 明日计划）\n- 保持正式、简洁，符合企业规范\n- 适度润色，使语言流畅","Nodes":[{"NodeID":"7cfe9d6b-6666-220a-bed5-eb64edac0cfe","NodeName":"开始","NodeDesc":"","NodeType":"START","StartNodeData":{"WorkflowParams":[]},"Inputs":[],"Outputs":[],"NextNodeIDs":["f471a614-b8e2-c40a-2819-e952ab93b8b5"],"NodeUI":"{\"data\":{\"isHovering\":false,\"isParallel\":false,\"source\":false,\"target\":true,\"debug\":null,\"error\":false,\"output\":[],\"schema\":null,\"checkDataError\":0},\"position\":{\"x\":400,\"y\":282},\"targetPosition\":\"left\",\"sourcePosition\":\"right\",\"selected\":false,\"measured\":{\"width\":250,\"height\":84}}"},{"NodeID":"41e1ad28-8ab1-c97d-426b-1f6e95be12b2","NodeName":"结束","NodeDesc":"","NodeType":"END","Inputs":[],"Outputs":[{"Title":"Output","Type":"OBJECT","Required":[],"Properties":[],"Desc":"输出内容","AnalysisMethod":"COVER"}],"NextNodeIDs":[],"NodeUI":"{\"data\":{\"isHovering\":false,\"isParallel\":false,\"source\":true,\"target\":false,\"debug\":null,\"error\":false,\"output\":[],\"schema\":null,\"checkDataError\":0},\"position\":{\"x\":1200,\"y\":282},\"targetPosition\":\"left\",\"sourcePosition\":\"right\",\"selected\":false,\"measured\":{\"width\":250,\"height\":84}}"},{"NodeID":"f471a614-b8e2-c40a-2819-e952ab93b8b5","NodeName":"参数提取1","NodeDesc":"","NodeType":"PARAMETER_EXTRACTOR","ParameterExtractorNodeData":{"Parameters":[{"RefParameterID":"75fdf230-6c89-4e6b-964e-fae92aa4d25a","Required":true,"SubParams":[]},{"RefParameterID":"49da915f-1e5c-41e4-b0b4-c9dc902dc732","Required":true,"SubParams":[]},{"RefParameterID":"c3147edd-419f-4a86-ad67-47e0c4c7c9b7","Required":true,"SubParams":[]}],"UserConstraint":"","ModelName":"workflow-pro","ModelParams":{"Temperature":0,"TopP":0.8,"MaxTokens":4000,"StopSequences":[],"ReplyFormat":""}},"Inputs":[],"Outputs":[],"NextNodeIDs":["83756e63-c60e-010f-2910-2f6b46a3f04b"],"NodeUI":"{\"data\":{\"content\":\"参数：今天完成的工作、遇到的问题、明日计划\",\"isHovering\":false,\"isParallel\":false,\"source\":true,\"target\":true,\"debug\":null,\"error\":false,\"output\":[{\"label\":\"Output\",\"desc\":\"输出内容\",\"optionType\":\"REFERENCE_OUTPUT\",\"type\":\"OBJECT\",\"children\":[{\"value\":\"75fdf230-6c89-4e6b-964e-fae92aa4d25a\",\"label\":\"今天完成的工作\",\"type\":\"STRING\",\"children\":[]},{\"value\":\"49da915f-1e5c-41e4-b0b4-c9dc902dc732\",\"label\":\"遇到的问题\",\"type\":\"STRING\",\"children\":[]},{\"value\":\"c3147edd-419f-4a86-ad67-47e0c4c7c9b7\",\"label\":\"明日计划\",\"type\":\"STRING\",\"children\":[]}]}],\"schema\":null,\"checkDataError\":0,\"displayPrompt\":\"\"},\"position\":{\"x\":327,\"y\":487},\"targetPosition\":\"left\",\"sourcePosition\":\"right\",\"selected\":false,\"measured\":{\"width\":250,\"height\":104},\"dragging\":false}"},{"NodeID":"83756e63-c60e-010f-2910-2f6b46a3f04b","NodeName":"大模型1","NodeDesc":"","NodeType":"LLM","LLMNodeData":{"ModelName":"cs-normal-70b","Temperature":0,"TopP":0,"MaxTokens":0,"Prompt":"{{user}}","SystemPrompt":"你是一名专业的企业日报生成器。\n输入：用户提供的工作完成情况{{finish}}、问题{{problem}}和明日计划{{plan}}。\n输出要求：\n- 格式化为清晰的日报（三部分：今日完成 / 遇到问题 / 明日计划）\n- 保持正式、简洁，符合企业规范\n- 适度润色，使语言流畅","OutputFormat":"LLM_OUTPUT_TEXT","ModelParams":{"Temperature":0.7,"TopP":0.6,"MaxTokens":4000,"StopSequences":[],"ReplyFormat":""}},"Inputs":[{"Name":"user","Type":"STRING","Input":{"InputType":"SYSTEM_VARIABLE","SystemVariable":{"Name":"SYS.UserQuery","DialogHistoryLimit":15}},"Desc":"","IsRequired":false,"SubInputs":[],"DefaultValue":"","DefaultFileName":""},{"Name":"finish","Type":"STRING","Input":{"InputType":"REFERENCE_OUTPUT","Reference":{"NodeID":"f471a614-b8e2-c40a-2819-e952ab93b8b5","JsonPath":"Output.今天完成的工作"}},"Desc":"","IsRequired":false,"SubInputs":[],"DefaultValue":"","DefaultFileName":""},{"Name":"problem","Type":"STRING","Input":{"InputType":"REFERENCE_OUTPUT","Reference":{"NodeID":"f471a614-b8e2-c40a-2819-e952ab93b8b5","JsonPath":"Output.遇到的问题"}},"Desc":"","IsRequired":false,"SubInputs":[],"DefaultValue":"","DefaultFileName":""},{"Name":"plan","Type":"STRING","Input":{"InputType":"REFERENCE_OUTPUT","Reference":{"NodeID":"f471a614-b8e2-c40a-2819-e952ab93b8b5","JsonPath":"Output.明日计划"}},"Desc":"","IsRequired":false,"SubInputs":[],"DefaultValue":"","DefaultFileName":""}],"Outputs":[],"NextNodeIDs":["4f6ea919-64ce-b75c-641e-b9f7578a3f26"],"NodeUI":"{\"data\":{\"content\":\"输出：Output.Content, Output.Thought\",\"isHovering\":false,\"isParallel\":false,\"source\":true,\"target\":true,\"debug\":null,\"error\":false,\"output\":[{\"label\":\"Output\",\"desc\":\"输出内容\",\"optionType\":\"REFERENCE_OUTPUT\",\"type\":\"OBJECT\",\"children\":[]}],\"schema\":null,\"checkDataError\":0,\"displayPrompt\":\"<p><span data-w-e-type=\\\"slot\\\" data-w-e-is-void=\\\"\\\" data-w-e-is-inline=\\\"\\\" data-value=\\\"user\\\">{{user}}</span></p>\"},\"position\":{\"x\":604,\"y\":472},\"targetPosition\":\"left\",\"sourcePosition\":\"right\",\"selected\":true,\"measured\":{\"width\":250,\"height\":104},\"dragging\":false}","ExceptionHandling":{"Switch":"OFF","MaxRetries":"3","RetryInterval":"1","AbnormalOutputResult":"","HandleMethod":"EXCEPTION_OUTPUT","NextNodeIDs":[]},"PendingMessage":{"Switch":"OFF","Content":"","DelaySeconds":"1"}},{"NodeID":"4f6ea919-64ce-b75c-641e-b9f7578a3f26","NodeName":"回复1","NodeDesc":"","NodeType":"ANSWER","AnswerNodeData":{"Answer":"{{res}}"},"Inputs":[{"Name":"res","Type":"STRING","Input":{"InputType":"REFERENCE_OUTPUT","Reference":{"NodeID":"83756e63-c60e-010f-2910-2f6b46a3f04b","JsonPath":"Output.Content"}},"Desc":"","IsRequired":false,"SubInputs":[],"DefaultValue":"","DefaultFileName":""}],"Outputs":[{"Title":"Output","Type":"OBJECT","Required":[],"Properties":[],"Desc":"输出内容","AnalysisMethod":"COVER"}],"NextNodeIDs":["41e1ad28-8ab1-c97d-426b-1f6e95be12b2"],"NodeUI":"{\"data\":{\"content\":\"{{res}}\",\"isHovering\":false,\"isParallel\":false,\"source\":true,\"target\":true,\"debug\":null,\"error\":false,\"output\":[{\"id\":\"67cf5b1f-8393-93de-d4be-08fe27ef6569\",\"value\":\"Output\",\"label\":\"Output\",\"_uiId\":\"1dda894a-39f6-c091-d55f-924978fd11fe\",\"type\":\"OBJECT\",\"children\":[{\"id\":\"170665c1-e6fc-36fa-e6b0-1b3ee11ea010\",\"value\":\"Answer\",\"label\":\"Answer\",\"_uiId\":\"a2a3d0ad-2167-b8fd-4908-dab86b1a4dcb\",\"type\":\"STRING\",\"children\":[]}]}],\"schema\":null,\"checkDataError\":0},\"position\":{\"x\":930,\"y\":480},\"targetPosition\":\"left\",\"sourcePosition\":\"right\",\"selected\":false,\"measured\":{\"width\":250,\"height\":84}}"}],"Edge":"[{\"source\":\"7cfe9d6b-6666-220a-bed5-eb64edac0cfe\",\"sourceHandle\":\"7cfe9d6b-6666-220a-bed5-eb64edac0cfe-source\",\"target\":\"f471a614-b8e2-c40a-2819-e952ab93b8b5\",\"targetHandle\":\"f471a614-b8e2-c40a-2819-e952ab93b8b5-target\",\"type\":\"custom\",\"data\":{\"connectedNodeIsHovering\":false,\"error\":false,\"isHovering\":false},\"id\":\"xy-edge__7cfe9d6b-6666-220a-bed5-eb64edac0cfe7cfe9d6b-6666-220a-bed5-eb64edac0cfe-source-f471a614-b8e2-c40a-2819-e952ab93b8b5f471a614-b8e2-c40a-2819-e952ab93b8b5-target\",\"animated\":false},{\"source\":\"f471a614-b8e2-c40a-2819-e952ab93b8b5\",\"sourceHandle\":\"f471a614-b8e2-c40a-2819-e952ab93b8b5-source\",\"target\":\"83756e63-c60e-010f-2910-2f6b46a3f04b\",\"targetHandle\":\"83756e63-c60e-010f-2910-2f6b46a3f04b-target\",\"type\":\"custom\",\"data\":{\"connectedNodeIsHovering\":false,\"error\":false,\"isHovering\":false},\"id\":\"xy-edge__f471a614-b8e2-c40a-2819-e952ab93b8b5f471a614-b8e2-c40a-2819-e952ab93b8b5-source-83756e63-c60e-010f-2910-2f6b46a3f04b83756e63-c60e-010f-2910-2f6b46a3f04b-target\",\"animated\":false},{\"source\":\"83756e63-c60e-010f-2910-2f6b46a3f04b\",\"sourceHandle\":\"83756e63-c60e-010f-2910-2f6b46a3f04b-source\",\"target\":\"4f6ea919-64ce-b75c-641e-b9f7578a3f26\",\"targetHandle\":\"4f6ea919-64ce-b75c-641e-b9f7578a3f26-target\",\"type\":\"custom\",\"data\":{\"connectedNodeIsHovering\":false,\"error\":false,\"isHovering\":false},\"id\":\"xy-edge__83756e63-c60e-010f-2910-2f6b46a3f04b83756e63-c60e-010f-2910-2f6b46a3f04b-source-4f6ea919-64ce-b75c-641e-b9f7578a3f264f6ea919-64ce-b75c-641e-b9f7578a3f26-target\",\"animated\":false},{\"source\":\"4f6ea919-64ce-b75c-641e-b9f7578a3f26\",\"sourceHandle\":\"4f6ea919-64ce-b75c-641e-b9f7578a3f26-source\",\"target\":\"41e1ad28-8ab1-c97d-426b-1f6e95be12b2\",\"targetHandle\":\"41e1ad28-8ab1-c97d-426b-1f6e95be12b2-target\",\"type\":\"custom\",\"data\":{\"connectedNodeIsHovering\":false,\"isHovering\":false,\"error\":false},\"id\":\"xy-edge__4f6ea919-64ce-b75c-641e-b9f7578a3f264f6ea919-64ce-b75c-641e-b9f7578a3f26-source-41e1ad28-8ab1-c97d-426b-1f6e95be12b241e1ad28-8ab1-c97d-426b-1f6e95be12b2-target\",\"animated\":false}]","Mode":"NORMAL","ReleaseTime":""}